ComputerName;SerialNumber;WhenCreated;FiveYearDate;DaysUntilFiveYears
DSIMAR1172;;14.10.2014;14.10.2019;-2373
DSIMAR1186;8CG7212L08;6.06.2017;6.06.2022;-1407
DSIMAR1210;8CG836454M;30.08.2018;30.08.2023;-957
DSIMAR1212;8CG8367GNV;30.08.2018;30.08.2023;-957
DSIMAR1219;8CG8496PBC;7.04.2022;7.04.2027;359
DSIMAR1221;8CG8496PQN;14.11.2018;14.11.2023;-881
DSIMAR1222;8CG84862CB;14.12.2018;14.12.2023;-851
DSIMAR1225;CZC9028629;12.04.2022;12.04.2027;364
DSIMAR1229;8CC9125VW1;6.03.2023;6.03.2028;693
DSIMAR1231;8CC9134HD8;29.11.2022;29.11.2027;595
DSIMAR1233;8CC9221SW9;17.02.2022;17.02.2027;310
DSIMAR1234;8CC9222PFY;3.05.2022;3.05.2027;385
DSIMAR1240;8CC9281FY0;29.09.2022;29.09.2027;534
DSIMAR1241;8CC9300DKF;26.10.2020;26.10.2025;-169
DSIMAR1242;8CC9431F84;11.11.2019;11.11.2024;-518
DSIMAR1243;8CC9431F85;11.11.2019;11.11.2024;-518
DSIMAR1245;8CC9431F89;12.11.2019;12.11.2024;-517
DSIMAR1248;8CC9432Q7P;17.05.2023;17.05.2028;765
DSIMAR1249;8CC9431F83;12.01.2021;12.01.2026;-91
DSIMAR1250;8CC9431F87;26.11.2019;26.11.2024;-503
DSIMAR1252;8CC9472XDN;6.12.2019;6.12.2024;-493
DSIMAR1256;8CC9482NKC;4.02.2026;4.02.2031;1758
DSIMAR1257;8CC949058X;18.12.2019;18.12.2024;-481
DSIMAR1258;8C61516MD6;18.08.2022;18.08.2027;492
DSIMAR1259;8CC1516MD4;22.08.2022;22.08.2027;496
DSIMAR1260;8CC1516MD5;22.08.2022;22.08.2027;496
DSIMAR1261;8CC9472XDR;9.01.2024;9.01.2029;1002
DSIMAR1262;8CC0090298;17.03.2020;17.03.2025;-392
DSIMAR1263;8CC0090KRP;23.03.2020;23.03.2025;-386
DSIMAR1266;8CC0110FXT;30.03.2020;30.03.2025;-379
DSIMAR1267;8CC0110FXW;14.10.2024;14.10.2029;1280
DSIMAR1268;8CC0140LTF;23.04.2020;23.04.2025;-355
DSIMAR1269;8CC0140LTG;23.04.2020;23.04.2025;-355
DSIMAR1270;8CC0140LTD;24.04.2020;24.04.2025;-354
DSIMAR1271;8CC0135JX0;28.04.2020;28.04.2025;-350
DSIMAR1273;8CC0152JT1;4.05.2020;4.05.2025;-344
DSIMAR1274;8CC0152JT0;5.05.2020;5.05.2025;-343
DSIMAR1275;8CC0152JSZ;5.05.2020;5.05.2025;-343
DSIMAR1279;8CC9472XDP;9.06.2020;9.06.2025;-308
DSIMAR1280;8CC0222C43;16.06.2020;16.06.2025;-301
DSIMAR1281;8CC0222C42;16.06.2020;16.06.2025;-301
DSIMAR1282;8CC0232KF8;23.06.2020;23.06.2025;-294
DSIMAR1283;8CC0260DZP;7.07.2020;7.07.2025;-280
DSIMAR1284;8CC0251PKH;9.07.2020;9.07.2025;-278
DSIMAR1286;8CC028059B;28.07.2020;28.07.2025;-259
DSIMAR1287;8CC0281Q0H;16.02.2021;16.02.2026;-56
DSIMAR1288;8CC0281Q0J;27.08.2020;27.08.2025;-229
DSIMAR1289;8CC0281Q0F;1.09.2020;1.09.2025;-224
DSIMAR1290;8CC0281Q0K;1.09.2020;1.09.2025;-224
DSIMAR1291;8CC0281Q0G;2.09.2020;2.09.2025;-223
DSIMAR1293;8CC0340LBK;16.09.2020;16.09.2025;-209
DSIMAR1294;8CC03117VZ;17.09.2020;17.09.2025;-208
DSIMAR1295;8CC0371858;12.10.2020;12.10.2025;-183
DSIMAR1298;8CC0371859;20.10.2020;20.10.2025;-175
DSIMAR1299;8CC0460Y9L;24.11.2020;24.11.2025;-140
DSIMAR1300;8CC0460Y9M;26.11.2020;26.11.2025;-138
DSIMAR1301;8CC04524M7;12.10.2021;12.10.2026;182
DSIMAR1303;8CC0460Y9P;19.02.2021;19.02.2026;-53
DSIMAR1304;8CC0460Y9K;4.12.2020;4.12.2025;-130
DSIMAR1306;8CC0460Y9F;9.12.2020;9.12.2025;-125
DSIMAR1307;8CC0462KYM;14.01.2021;14.01.2026;-89
DSIMAR1309;8CC0460Y9B;24.08.2023;24.08.2028;864
DSIMAR1310;8CC0110FXV;20.10.2023;20.10.2028;921
DSIMAR1312;8CC0460Y9Q;26.03.2021;26.03.2026;-18
DSIMAR1313;8CC0460Y9R;13.04.2021;13.04.2026;0
DSIMAR1314;8CC1122MX5;19.04.2021;19.04.2026;6
DSIMAR1316;8CC0460Y9J;28.04.2021;28.04.2026;15
DSIMAR1317;8CC0460Y9N;3.05.2021;3.05.2026;20
DSIMAR1318;8CC11626X7;6.05.2021;6.05.2026;23
DSIMAR1319;8CC1271KHM;21.07.2021;21.07.2026;99
DSIMAR1320;8CC13524MV;14.09.2021;14.09.2026;154
DSIMAR1321;8CC1351087;2.04.2024;2.04.2029;1085
DSIMAR1323;8CC14123VM;4.11.2021;4.11.2026;205
DSIMAR1324;8CC14123VL;21.02.2022;21.02.2027;314
DSIMAR1325;8CC14123VH;21.02.2022;21.02.2027;314
DSIMAR1326;8CC1432T42;22.02.2022;22.02.2027;315
DSIMAR1327;8CC14123VJ;23.02.2022;23.02.2027;316
DSIMAR1328;8CC14123VK;30.05.2022;30.05.2027;412
DSIMAR1329;8CC14526PZ;21.10.2025;21.10.2030;1652
DSIMAR1330;8CC14526Q2;5.07.2022;5.07.2027;448
DSIMAR1331;8CC2350NF7;28.09.2022;28.09.2027;533
DSIMAR1332;8CC2402KBF;21.10.2022;21.10.2027;556
DSIMAR1333;8CC21323PS;31.07.2025;31.07.2030;1570
DSIMAR1334;8CC24027XX;1.12.2022;1.12.2027;597
DSIMAR1335;8CC2492P6V;4.01.2023;4.01.2028;631
DSIMAR1337;8CC3080JHD;29.03.2023;29.03.2028;716
DSIMAR1338;8CC14526Q1;25.04.2023;25.04.2028;743
DSIMAR1339;8CC3162H5G;16.05.2023;16.05.2028;764
DSIMAR1340;8CC14526PW;19.05.2023;19.05.2028;767
DSIMAR1341;8CC32117GF;13.06.2023;13.06.2028;792
DSIMAR1342;8CC3150ZYQ;20.06.2023;20.06.2028;799
DSIMAR1343;8CC3150ZYR;20.06.2023;20.06.2028;799
DSIMAR1344;8CC14526Q0;22.06.2023;22.06.2028;801
DSIMAR1345;CZC33074T2;17.08.2023;17.08.2028;857
DSIMAR1346;8CC3310YPK;12.09.2023;12.09.2028;883
DSIMAR1347;8CC3200SXZ;12.10.2023;12.10.2028;913
DSIMAR1348;8CC323261V;18.10.2023;18.10.2028;919
DSIMAR1349;8CC3431DR6;20.11.2023;20.11.2028;952
DSIMAR1350;8CC3461J52;4.12.2023;4.12.2028;966
DSIMAR1351;8CC3200SY0;15.01.2024;15.01.2029;1008
DSIMAR1352;8CC3431DR7;2.02.2024;2.02.2029;1026
DSIMAR1353;8CC3431DR5;19.02.2024;19.02.2029;1043
DSIMAR1354;8CC4070GJQ;11.03.2024;11.03.2029;1063
DSIMAR1355;8CC32117GG;13.03.2024;13.03.2029;1065
DSIMAR1356;8CC33419HN;12.04.2024;12.04.2029;1095
DSIMAR1357;8CC4083K0S;5.06.2024;5.06.2029;1149
DSIMAR1358;8CC411146R;21.10.2024;21.10.2029;1287
DSIMAR1359;8CC411146P;16.05.2024;16.05.2029;1129
DSIMAR1360;8CC411146N;16.05.2024;16.05.2029;1129
DSIMAR1361;8CC425241M;9.07.2024;9.07.2029;1183
DSIMAR1362;8CC4240Y9B;22.07.2024;22.07.2029;1196
DSIMAR1363;8CC42716V9;23.07.2024;23.07.2029;1197
DSIMAR1364;8CC42716V2;23.07.2024;23.07.2029;1197
DSIMAR1365;8CC42716V8;23.07.2024;23.07.2029;1197
DSIMAR1366;8CC42716V7;23.07.2024;23.07.2029;1197
DSIMAR1367;8CC42716V4;23.07.2024;23.07.2029;1197
DSIMAR1368;8CC42716V6;23.07.2024;23.07.2029;1197
DSIMAR1369;8CC42716V5;23.07.2024;23.07.2029;1197
DSIMAR1370;8CC42716V3;23.07.2024;23.07.2029;1197
DSIMAR1371;8CC4160PFS;21.08.2024;21.08.2029;1226
DSIMAR1372;8CC4231ZPC;19.09.2024;19.09.2029;1255
DSIMAR1373;1HF439033M;5.11.2024;5.11.2029;1302
DSIMAR1374;8CC419164R;7.11.2024;7.11.2029;1304
DSIMAR1375;8CC430212F;7.11.2024;7.11.2029;1304
DSIMAR1376;8CC4240Y99;11.11.2024;11.11.2029;1308
DSIMAR1377;8CC425241N;11.11.2024;11.11.2029;1308
DSIMAR1378;1HF4420B43;15.11.2024;15.11.2029;1312
DSIMAR1379;1HF439033N;27.11.2024;27.11.2029;1324
DSIMAR1380;1HF44505HX;9.12.2024;9.12.2029;1336
DSIMAR1381;1HF44505HY;11.12.2024;11.12.2029;1338
DSIMAR1382;1HF44505HZ;12.12.2024;12.12.2029;1339
DSIMAR1383;1HF44505HW;16.12.2024;16.12.2029;1343
DSIMAR1384;1HF44505J0;10.04.2025;10.04.2030;1458
DSIMAR1385;1HF45001CP;13.01.2025;13.01.2030;1371
DSIMAR1386;1HF45001CS;22.01.2025;22.01.2030;1380
DSIMAR1387;1HF45001CQ;22.01.2025;22.01.2030;1380
DSIMAR1388;1HF45001CR;23.01.2025;23.01.2030;1381
DSIMAR1389;1HF45001CT;24.01.2025;24.01.2030;1382
DSIMAR1390;1HF43900GW;12.02.2025;12.02.2030;1401
DSIMAR1391;1HF5060YLP;24.02.2025;24.02.2030;1413
DSIMAR1392;1HF5060YLQ;24.02.2025;24.02.2030;1413
DSIMAR1393;1HF439033P;10.04.2025;10.04.2030;1458
DSIMAR1394;1HF439033L;14.04.2025;14.04.2030;1462
DSIMAR1395;1HF51503K9;29.04.2025;29.04.2030;1477
DSIMAR1396;1HF439033Q;30.05.2025;30.05.2030;1508
DSIMAR1397;CZC444796Y;14.07.2025;14.07.2030;1553
DSIMAR1398;1HF5350ZF8;25.09.2025;25.09.2030;1626
DSIMAR1399;1HF5361WQZ;25.09.2025;25.09.2030;1626
DSIMAR1400;1HF5350ZF7;3.10.2025;3.10.2030;1634
DSIMAR1401;1HF5431DRH;14.11.2025;14.11.2030;1676
DSIMAR1402;;27.01.2026;27.01.2031;1750
DSIMAR1403;;27.01.2026;27.01.2031;1750
DSIMAR1404;;27.01.2026;27.01.2031;1750
DSIMAR1405;1HF5200N7G;13.11.2025;13.11.2030;1675
DSIMAR1407;;25.02.2026;25.02.2031;1779
DSIMAR1408;1HF5111PHX;26.02.2026;26.02.2031;1780
DSIMAR1409;1HF52603TY;26.02.2026;26.02.2031;1780
DSIMAR1410;;2.04.2026;2.04.2031;1815
DSIMAR2014;8CC0232KF9;23.06.2020;23.06.2025;-294
DSIMAR2015;8CC0232KF7;23.06.2020;23.06.2025;-294
DSIMAR2016;8CC04002DL;16.10.2020;16.10.2025;-179
DSIMAR2022;8CC0502DPC;12.01.2021;12.01.2026;-91
DSIMAR2030;8CC02121PS;8.06.2020;8.06.2025;-309
DSIMAR2046;8CC04524M8;30.11.2020;30.11.2025;-134
DSIMAR2052;8CC0490K51;21.12.2020;21.12.2025;-113
DSIMAR2055;CZC241B4FQ;24.10.2022;24.10.2027;559
DSIMAR2060;1HF5381T14;13.10.2025;13.10.2030;1644
DSIMAR2069;8CC0280MSP;31.07.2024;31.07.2029;1205
DSIMAR2086;8CC0135JWZ;5.05.2020;5.05.2025;-343
DSIMAR2088;8CC23506QT;22.09.2022;22.09.2027;527
DSIMAR2091;8CC0411Y46;2.11.2020;2.11.2025;-162
DSIMAR2092;8CC0411Y45;3.11.2020;3.11.2025;-161
DSIMAR2095;;19.02.2021;19.02.2026;-53
DSIMAR2096;8CC1051F8S;22.02.2021;22.02.2026;-50
DSIMAR2099;8CG8369ZJD;25.03.2021;25.03.2026;-19
DSIMAR2101;8CC0421PXQ;4.11.2020;4.11.2025;-160
DSIMAR2102;;4.11.2020;4.11.2025;-160
DSIMAR2103;;4.11.2020;4.11.2025;-160
DSIMAR2104;8CC0421PXZ;4.11.2020;4.11.2025;-160
DSIMAR2105;8CC0421PXV;4.11.2020;4.11.2025;-160
DSIMAR2106;8CC0421PXT;4.11.2020;4.11.2025;-160
DSIMAR2107;8CC0421PY1;4.11.2020;4.11.2025;-160
DSIMAR2108;8CC0421PXY;23.01.2025;23.01.2030;1381
DSIMAR2109;8CC0421PXW;4.11.2020;4.11.2025;-160
DSIMAR2110;8CC0421PXS;4.11.2020;4.11.2025;-160
DSIMAR2111;8CC0421PY0;4.11.2020;4.11.2025;-160
DSIMAR2112;8CC0421PXN;4.11.2020;4.11.2025;-160
DSIMAR2113;8CC0421PXR;4.11.2020;4.11.2025;-160
DSIMAR2114;8CC1351086;17.09.2021;17.09.2026;157
DSIMAR2116;8CC14526PY;14.12.2021;14.12.2026;245
DSIMAR2117;8CC3282L2R;6.10.2023;6.10.2028;907
DSIMAR2118;8CC3381VL2;16.10.2023;16.10.2028;917
DSIMAR2119;8CC3411CTZ;7.11.2023;7.11.2028;939
DSIMAR2120;8CC40611WX;28.02.2024;28.02.2029;1052
DSIMAR2121;8CC411146Q;15.05.2024;15.05.2029;1128
DSIMAR2122;8CC430212G;20.08.2024;20.08.2029;1225
DSIMAR2124;8CG430212D;12.11.2024;12.11.2029;1309
DSIMAR2125;1HF530256J;28.08.2025;28.08.2030;1598
DSIMAR2200;8CC3491HSG;17.01.2024;17.01.2029;1010
DSIMAR3000;;1.09.2022;1.09.2027;506
DSIMAR3001;;5.08.2022;5.08.2027;479
DSIMAR3002;;5.08.2022;5.08.2027;479
DSIMAR3003;;5.08.2022;5.08.2027;479
DSIMAR3004;;5.08.2022;5.08.2027;479
DSIMAR3005;;5.08.2022;5.08.2027;479
DSIMAR3006;;5.08.2022;5.08.2027;479
DSIMAR3007;B22G240622001;1.09.2022;1.09.2027;506
DSIMAR3008;;14.05.2024;14.05.2029;1127
DSIMAR3009;;8.08.2022;8.08.2027;482
DSIMAR3010;;8.08.2022;8.08.2027;482
DSIMAR3011;;8.08.2022;8.08.2027;482
DSIMAR3013;;8.08.2022;8.08.2027;482
DSIMAR3014;;8.08.2022;8.08.2027;482
DSIMAR3015;;8.08.2022;8.08.2027;482
DSIMAR3016;;8.08.2022;8.08.2027;482
DSIMAR3017;;8.08.2022;8.08.2027;482
DSIMAR3018;;21.06.2024;21.06.2029;1165
DSIMAR3019;;8.08.2022;8.08.2027;482
DSIMAR3020;B22G270722001;8.08.2022;8.08.2027;482
DSIMAR3021;;8.08.2022;8.08.2027;482
DSIMAR3023;;8.08.2022;8.08.2027;482
DSIMAR3024;;8.08.2022;8.08.2027;482
DSIMAR3025;;8.08.2022;8.08.2027;482
DSIMAR3026;;8.08.2022;8.08.2027;482
DSIMAR3027;;8.08.2022;8.08.2027;482
DSIMAR3028;;8.08.2022;8.08.2027;482
DSIMAR3029;B22G270722002;8.08.2022;8.08.2027;482
DSIMAR3030;;8.08.2022;8.08.2027;482
DSIMAR3031;;8.08.2022;8.08.2027;482
DSIMAR3032;;30.01.2024;30.01.2029;1023
DSIMAR3033;;30.01.2024;30.01.2029;1023
MININT-RAJV4F6;;13.04.2026;13.04.2031;1826
MSIMAR1001;CND95101G4;10.01.2020;10.01.2025;-458
MSIMAR1003;CND0193XH2;17.06.2020;17.06.2025;-300
MSIMAR1004;CND041536H;9.11.2020;9.11.2025;-155
MSIMAR1005;CND1419PZ3;15.11.2021;15.11.2026;216
MSIMAR1006;CND1419PZ2;22.11.2021;22.11.2026;223
MSIMAR1007;CND3090HFP;21.12.2023;21.12.2028;983
MSIMAR1008;PW0G7PVV;21.05.2025;21.05.2030;1499
MSIMAR1009;PW0G427F;22.05.2025;22.05.2030;1500
MSIMAR1010;PW0G7PW7;28.05.2025;28.05.2030;1506
MSIMAR1011;PW0G7PVS;28.05.2025;28.05.2030;1506
MSIMAR1012;PW0G427D;2.02.2026;2.02.2031;1756
MSIMAR1013;PW0G7PVY;4.02.2026;4.02.2031;1758
MSIMAR2001;CND4160018;25.04.2024;25.04.2029;1108
MININT-G9S720H;1H84393RK9;26.09.2025;26.09.2030;1627
NSIMAR1050;;8.01.2026;8.01.2031;1731
NSIMAR1056;5CG8344WP5;20.03.2023;20.03.2028;707
NSIMAR1059;5CG8423G7Z;30.10.2018;30.10.2023;-896
NSIMAR1067;5CG9353MZR;31.07.2025;31.07.2030;1570
NSIMAR1071;5CG9444LWY;26.10.2023;26.10.2028;927
NSIMAR1072;5CG9439SCP;17.01.2025;17.01.2030;1375
NSIMAR1073;5CG9450V3F;12.04.2021;12.04.2026;-1
NSIMAR1077;;13.01.2026;13.01.2031;1736
NSIMAR1079;5CG0125JNR;7.04.2020;7.04.2025;-371
NSIMAR1080;5CG01365KZ;9.04.2020;9.04.2025;-369
NSIMAR1081;5CG012BC3S;19.10.2021;19.10.2026;189
NSIMAR1082;5CG026BK60;11.02.2025;11.02.2030;1400
NSIMAR1083;5CG9521848;24.08.2020;24.08.2025;-232
NSIMAR1084;5CG0322ZX3;25.08.2020;25.08.2025;-231
NSIMAR1085;5CG038BL3Q;5.10.2020;5.10.2025;-190
NSIMAR1088;5CG052CKZD;18.01.2021;18.01.2026;-85
NSIMAR1089;5CG0518TKC;7.11.2022;7.11.2027;573
NSIMAR1090;5CG1110NCC;30.03.2021;30.03.2026;-14
NSIMAR1092;5CG1110NCJ;7.04.2021;7.04.2026;-6
NSIMAR1093;5CG1110NCD;22.04.2023;22.04.2028;740
NSIMAR1095;5CD201KGDQ;31.01.2024;31.01.2029;1024
NSIMAR1097;5CD221276C;6.06.2022;6.06.2027;419
NSIMAR1099;5CG21554VZ;6.07.2022;6.07.2027;449
NSIMAR1101;5CD227F737;18.08.2022;18.08.2027;492
NSIMAR1102;5CD227DBCB;22.08.2022;22.08.2027;496
NSIMAR1103;5CD227F73C;24.08.2022;24.08.2027;498
NSIMAR1104;5CD227F73B;29.08.2022;29.08.2027;503
NSIMAR1105;5CD227DBC8;2.12.2024;2.12.2029;1329
NSIMAR1106;5CD227F739;5.09.2022;5.09.2027;510
NSIMAR1107;5CD227F734;2.07.2024;2.07.2029;1176
NSIMAR1108;5CD227F736;12.09.2022;12.09.2027;517
NSIMAR1109;5CD227DBC9;15.11.2022;15.11.2027;581
NSIMAR1110;5CD2437YJ9;19.01.2023;19.01.2028;646
NSIMAR1111;5CD227F738;10.02.2023;10.02.2028;668
NSIMAR1112;5CD30770MX;13.11.2024;13.11.2029;1310
NSIMAR1113;5CD310JX8W;17.04.2023;17.04.2028;735
NSIMAR1114;5CD3145JHG;19.04.2023;19.04.2028;737
NSIMAR1115;5CD3158W5R;9.05.2023;9.05.2028;757
NSIMAR1116;5CD3158W5Q;9.05.2023;9.05.2028;757
NSIMAR1117;5CD3144NM3;10.05.2023;10.05.2028;758
NSIMAR1118;5CG2510QTC;11.05.2023;11.05.2028;759
NSIMAR1119;5CD315FS7L;12.05.2023;12.05.2028;760
NSIMAR1120;5CD313719T;23.05.2023;23.05.2028;771
NSIMAR1121;5CD3194YQ1;6.06.2023;6.06.2028;785
NSIMAR1122;5CD316CSZ3;27.06.2023;27.06.2028;806
NSIMAR1123;5CD325BQ5T;17.09.2024;17.09.2029;1253
NSIMAR1124;5CD325BQ5S;9.01.2025;9.01.2030;1367
NSIMAR1125;5CD325BQ5V;14.11.2024;14.11.2029;1311
NSIMAR1126;5CG3272XV2;20.07.2023;20.07.2028;829
NSIMAR1127;5CD30439TB;21.08.2023;21.08.2028;861
NSIMAR1128;5CG33908LD;20.10.2023;20.10.2028;921
NSIMAR1129;5CD3029WFX;26.10.2023;26.10.2028;927
NSIMAR1130;5CG3484S3W;14.12.2023;14.12.2028;976
NSIMAR1131;5CG3484S3X;18.12.2023;18.12.2028;980
NSIMAR1132;5CD345F709;8.01.2024;8.01.2029;1001
NSIMAR1133;5CD3497XJ2;11.01.2024;11.01.2029;1004
NSIMAR1134;1H84200NFH;13.06.2024;13.06.2029;1157
NSIMAR1135;1H84241BMX;20.09.2024;20.09.2029;1256
NSIMAR1136;5CD3447T8Z;15.11.2024;15.11.2029;1312
NSIMAR1137;5CG4400YLZ;20.11.2024;20.11.2029;1317
NSIMAR1138;5CG4400YM0;26.11.2024;26.11.2029;1323
NSIMAR1139;1H850116CJ;27.01.2025;27.01.2030;1385
NSIMAR1140;1H850116CK;29.01.2025;29.01.2030;1387
NSIMAR1141;1H8506172Y;25.02.2025;25.02.2030;1414
NSIMAR1142;5CG5115FRQ;7.04.2025;7.04.2030;1455
NSIMAR1143;1H85121BY9;8.05.2025;8.05.2030;1486
NSIMAR1144;5CG5192T6N;26.05.2025;26.05.2030;1504
NSIMAR1145;5CG51721WX;12.05.2025;12.05.2030;1490
NSIMAR1146;5CG5150K44;21.05.2025;21.05.2030;1499
NSIMAR1147;5CD5244NS5;30.06.2025;30.06.2030;1539
NSIMAR1148;5CG5242NYD;30.06.2025;30.06.2030;1539
NSIMAR1149;5CG5261JNC;11.07.2025;11.07.2030;1550
NSIMAR1150;1H850116CL;16.07.2025;16.07.2030;1555
NSIMAR1151;5CD5276YCN;28.07.2025;28.07.2030;1567
NSIMAR1152;5CG5282ZS4;28.07.2025;28.07.2030;1567
NSIMAR1153;5CD5281Y40;28.07.2025;28.07.2030;1567
NSIMAR1154;5CD531292K;3.09.2025;3.09.2030;1604
NSIMAR1155;5CD5307ZBB;3.09.2025;3.09.2030;1604
NSIMAR1156;5CD5357L4W;15.09.2025;15.09.2030;1616
NSIMAR1157;5CD5376FZM;7.10.2025;7.10.2030;1638
NSIMAR1158;1H84432KPQ;20.10.2025;20.10.2030;1651
NSIMAR1159;5CD5403XMW;2.12.2025;2.12.2030;1694
NSIMAR1160;5CD54237RZ;3.12.2025;3.12.2030;1695
NSIMAR1161;;4.12.2025;4.12.2030;1696
NSIMAR1162;;22.12.2025;22.12.2030;1714
NSIMAR1163;;19.12.2025;19.12.2030;1711
NSIMAR1164;;15.12.2025;15.12.2030;1707
NSIMAR1165;5CD54230KJ;27.11.2025;27.11.2030;1689
NSIMAR1166;;15.12.2025;15.12.2030;1707
NSIMAR1167;5CD5438WLT;5.12.2025;5.12.2030;1697
NSIMAR1168;5CD5438WLR;3.12.2025;3.12.2030;1695
NSIMAR1169;;9.01.2026;9.01.2031;1732
NSIMAR1170;5CD5385KW5;28.11.2025;28.11.2030;1690
NSIMAR1171;1H86032W0;16.02.2026;16.02.2031;1770
NSIMAR1172;1H86032WG1;3.02.2026;3.02.2031;1757
NSIMAR1173;1H86051ZGD;17.02.2026;17.02.2031;1771
NSIMAR1174;;9.04.2026;9.04.2031;1822
NSIMAR2007;5CG0172KRW;12.05.2020;12.05.2025;-336
NSIMAR2011;;20.05.2020;20.05.2025;-328
NSIMAR2014;5CG1110NCF;20.04.2021;20.04.2026;7
NSIMAR2020;5CB3380Z18;30.10.2013;30.10.2018;-2722
NSIMAR2021;5CD5308MKG;25.08.2025;25.08.2030;1595
NSIMAR2025;;18.11.2025;18.11.2030;1680
NSIMAR2031;5CD221276B;6.06.2022;6.06.2027;419
NSIMAR2040;5CG7140K86;14.04.2017;14.04.2022;-1460
NSIMAR2044;5CG014G2M0;4.05.2020;4.05.2025;-344
NSIMAR2046;5CG0518TKD;16.02.2021;16.02.2026;-56
NSIMAR2047;5CG1110NCB;30.03.2021;30.03.2026;-14
NSIMAR2055;5CG1110NCG;29.03.2021;29.03.2026;-15
NSIMAR2056;5CD2257LKT;21.07.2022;21.07.2027;464
NSIMAR2057;5CG2344ZNP;6.07.2023;6.07.2028;815
NSIMAR2058;5CD227F733;30.09.2022;30.09.2027;535
NSIMAR2059;5CD2384CKB;8.11.2022;8.11.2027;574
NSIMAR2060;5CD2384CK9;13.02.2023;13.02.2028;671
NSIMAR2061;5CD227F735;15.02.2023;15.02.2028;673
NSIMAR2062;5CD30770MY;17.04.2023;17.04.2028;735
NSIMAR2063;5CD3158W5P;4.05.2023;4.05.2028;752
NSIMAR2064;5CD3144NM4;18.05.2023;18.05.2028;766
NSIMAR2065;5CD3497XJ1;22.12.2023;22.12.2028;984
NSIMAR2066;5CD411C5HQ;3.04.2024;3.04.2029;1086
NSIMAR2068;5CG4222LQ5;17.06.2024;17.06.2029;1161
NSIMAR2069;5CG4222LQ6;24.06.2024;24.06.2029;1168
NSIMAR2070;5CG44728DH;6.12.2024;6.12.2029;1333
NSIMAR2071;1H85134HJD;17.04.2025;17.04.2030;1465
NSIMAR2072;5CG5252XCX;8.07.2025;8.07.2030;1547
NSIMAR2073;5CD5385KW6;24.11.2025;24.11.2030;1686
NSIMAR2074;5CD5438WLV;8.12.2025;8.12.2030;1700
NSIMAR2075;5CD546BP7L;9.12.2025;9.12.2030;1701
NSIMAR2076;;13.01.2026;13.01.2031;1736
NSIMAR2078;1H86051ZGC;17.02.2026;17.02.2031;1771
NSIMAR2088;5CD22179Y4;1.08.2025;1.08.2030;1571
NSIMAR2045;5CD0404KQ5;13.10.2020;13.10.2025;-182
WSIMAR1007;5CD0274TVY;19.11.2021;19.11.2026;220
WSIMAR1008;5CD037CFXH;6.05.2024;6.05.2029;1119
WSIMAR1009;5CD0404KQ4;12.10.2020;12.10.2025;-183
WSIMAR1015;CND1385L93;11.10.2021;11.10.2026;181
WSIMAR1017;CND1422NFT;11.09.2023;11.09.2028;882
WSIMAR1018;CND21814JX;26.05.2022;26.05.2027;408
WSIMAR1019;CND21814JW;26.05.2022;26.05.2027;408
WSIMAR1020;CND2203CYC;14.06.2022;14.06.2027;427
WSIMAR1021;CND2281TYL;23.08.2022;23.08.2027;497
WSIMAR1022;CND2213HJF;29.09.2022;29.09.2027;534
WSIMAR1023;CND2290T19;22.11.2022;22.11.2027;588
WSIMAR1024;CND248109M;13.04.2023;13.04.2028;731
WSIMAR1027;5CD319821D;29.04.2024;29.04.2029;1112
WSIMAR1028;5CG531291K;26.08.2025;26.08.2030;1596
WSIMAR1030;5CG3490T3C;10.01.2024;10.01.2029;1003
WSIMAR1031;5CG41923N4;3.06.2024;3.06.2029;1147
WSIMAR1034;5CD451B72V;8.01.2025;8.01.2030;1366
WSIMAR1036;5CD5105N9S;27.03.2025;27.03.2030;1444
WSIMAR1037;5CG5414T3P;22.12.2025;22.12.2030;1714
WSIMAR1039;5CG5421FR9;7.01.2026;7.01.2031;1730
WSIMAR1040;5CG6033K7S;4.02.2026;4.02.2031;1758
WSIMAR2003;CND1074CWT;29.03.2021;29.03.2026;-15
WSIMAR2004;CND110075V;13.04.2021;13.04.2026;0
WSIMAR2007;CND2201WB1;15.06.2022;15.06.2027;428
WSIMAR2008;CND2214K7K;16.11.2022;16.11.2027;582
WSIMAR2010;CND2201W02;7.12.2022;7.12.2027;603
WSIMAR2011;CND2201W03;1.03.2023;1.03.2028;688
WSIMAR2013;5CG3477984;19.12.2023;19.12.2028;981
WSIMAR2014;5CG440102Q;17.10.2024;17.10.2029;1283
WSIMAR2015;;21.10.2024;21.10.2029;1287
WSIMAR2016;5CG440102W;24.10.2024;24.10.2029;1290
WSIMAR2018;5CN440102R;24.10.2024;24.10.2029;1290
WSIMAR2019;5CG440102M;4.11.2024;4.11.2029;1301
WSIMAR2020;5CG440102N;8.11.2024;8.11.2029;1305
WSIMAR2021;5CG440102T;12.11.2024;12.11.2029;1309
WSIMAR2022;5CG440102P;21.11.2024;21.11.2029;1318
WSIMAR2023;5CG440102V;16.09.2025;16.09.2030;1617
WSIMAR2024;1H853732BX;30.09.2025;30.09.2030;1631
WSIMAR2040;5CG440102S;28.07.2025;28.07.2030;1567
DSIMAR2001;CZC71588GX;31.08.2011;31.08.2016;-3512
DSIMAR2012;;30.08.2019;30.08.2024;-591
WSIMAR1002;CZC922918R;4.11.2024;4.11.2029;1301
WSIMAR1003;CZC949DZNT;16.12.2019;16.12.2024;-483
WSIMAR1004;CZC0028TWS;17.01.2020;17.01.2025;-451
WSIMAR1005;CZC002CB66;11.02.2020;11.02.2025;-426
WSIMAR1011;CZC046B0YK;15.07.2024;15.07.2029;1189
WSIMAR1016;CZC2078Z8V;28.02.2022;28.02.2027;321
WSIMAR1025;CZC3247JM3;11.07.2023;11.07.2028;820
WSIMAR1026;CZC3427D2Q;10.11.2023;10.11.2028;942
WSIMAR1032;CZC4307L6S;20.08.2024;20.08.2029;1225
WSIMAR1033;CZC43670V7;17.10.2024;17.10.2029;1283
WSIMAR1035;CZC506790W;17.02.2025;17.02.2030;1406
WSIMAR1038;CZC5487TBS;23.12.2025;23.12.2030;1715
WSIMAR1041;CZC606751Y;16.02.2026;16.02.2031;1770
WSIMAR2005;CZC2119MPL;28.03.2022;28.03.2027;349
WSIMAR2006;CZC2138Y04;12.04.2022;12.04.2027;364
WSIMAR2009;CZC217B856;28.11.2022;28.11.2027;594
WSIMAR2012;CZC3237FXV;21.06.2023;21.06.2028;800